provider,model,prompt_version,accuracy,benign_precision,benign_recall,benign_f1,malicious_precision,malicious_recall,malicious_f1,weighted_f1
openai,gpt-4.1-nano,v3,0.7959183673469388,0.6875,1.0,0.8148148148148148,1.0,0.6296296296296297,0.7727272727272727,0.7916237201951486
openai,gpt-4.1-mini,v3,0.5510204081632653,0.5,1.0,0.6666666666666666,1.0,0.18518518518518517,0.3125,0.4715136054421768
openai,gpt-3.5-turbo,v3,0.8163265306122449,0.7096774193548387,1.0,0.8301886792452831,1.0,0.6666666666666666,0.8,0.8135541008856373
openai,gpt-4,v3,0.9183673469387755,0.8461538461538461,1.0,0.9166666666666666,1.0,0.8518518518518519,0.92,0.9185034013605441
